scenario_id,state,channel,product,product_type,credit_band,dealer_tier,system_kw,battery_attach,annual_kwh,project_cost,dealer_fee_pct,funding_cost_pct,loss_reserve_pct,customer_monthly_payment,rate_card,npv,irr_pct,contribution_margin_bps,margin_gap_bps,competitor_gap_bps,approval_lift_pts,readiness_score,qa_defects,priority_score,customer_savings_year_1,recommendation
SCN-001,CA,Dealer partner,Solar loan,Loan,Prime,National,8.015,Yes,11989,29598.7,0.109,0.057,0.014,237.22,"7.25% APR, 10.9% dealer fee",-2822.22,0.047,-240.776,-745.246,51.637,22.315,49.472,4,179.907,870.1,Raise rate or reduce dealer incentive
SCN-002,CA,Installer platform,Solar loan,Loan,Super prime,National,11.793,No,17548,39819.63,0.111,0.049,0.007,354.39,"8.44% APR, 11.1% dealer fee",9221.31,0.071,150.693,-362.113,33.197,27.821,58.966,6,109.236,1187.32,Raise rate or reduce dealer incentive
SCN-003,CA,New homes,Solar loan,Loan,Prime,National,7.962,No,11537,25743.17,0.106,0.05,0.014,224.6,"8.26% APR, 10.6% dealer fee",648.37,0.052,-115.118,-672.037,-71.141,23.932,48.291,4,161.664,881.26,Raise rate or reduce dealer incentive
SCN-004,CA,Direct homeowner,Solar loan,Loan,Near prime,Regional,7.948,Yes,11856,28098.76,0.097,0.065,0.027,247.54,"8.47% APR, 9.7% dealer fee",-8420.64,0.031,-613.435,-1276.333,-162.013,5.892,45.055,4,250.064,705.16,Raise rate or reduce dealer incentive
SCN-005,CA,Dealer partner,Solar plus storage loan,Loan,Super prime,Regional,10.699,Yes,16029,37589.52,0.117,0.05,0.007,318.46,"7.80% APR, 11.7% dealer fee",6798.44,0.068,105.243,-392.816,-66.563,33.888,59.422,5,105.571,1147.6,Raise rate or reduce dealer incentive
SCN-006,CA,Installer platform,Solar plus storage loan,Loan,Super prime,National,12.332,Yes,19466,47118.91,0.136,0.047,0.007,393.04,"7.43% APR, 13.6% dealer fee",11273.94,0.07,156.034,-416.008,148.311,28.399,57.712,3,136.415,1318.03,Raise rate or reduce dealer incentive
SCN-007,CA,New homes,Solar plus storage loan,Loan,Super prime,National,12.768,Yes,18642,46154.87,0.118,0.049,0.007,388.78,"7.72% APR, 11.8% dealer fee",10018.82,0.07,137.521,-343.192,31.232,29.103,56.93,8,122.369,1113.83,Raise rate or reduce dealer incentive
SCN-008,CA,Direct homeowner,Solar plus storage loan,Loan,Prime,Emerging,7.457,Yes,11569,23244.32,0.13,0.052,0.014,210.88,"8.46% APR, 13.0% dealer fee",297.68,0.054,-127.069,-728.073,-48.91,20.241,51.081,2,150.119,1055.92,Raise rate or reduce dealer incentive
SCN-009,CA,Dealer partner,Operating lease,Lease,Prime,National,12.795,No,19287,45066.16,0.08,0.056,0.014,477.36,"$477/mo, 3.50% escalator",68018.65,0.186,1245.178,713.116,35.61,21.461,84.922,7,46.746,250.77,Reprice to defend installer proposal flow
SCN-010,CA,Installer platform,Operating lease,Lease,Prime,Emerging,7.239,No,10583,19705.44,0.059,0.054,0.014,213.4,"$213/mo, 2.99% escalator",26059.54,0.172,1129.354,611.371,-6.561,25.043,84.841,4,24.8,720.07,Expand into next operating review
SCN-011,CA,New homes,Operating lease,Lease,Near prime,Emerging,6.684,Yes,9934,21846.29,0.092,0.068,0.027,259.09,"$259/mo, 3.50% escalator",26888.63,0.181,1033.225,379.563,19.15,3.596,66.294,6,49.332,-29.56,Monitor in weekly pricing digest
SCN-012,CA,Direct homeowner,Operating lease,Lease,Prime,Emerging,11.784,Yes,18087,40198.77,0.063,0.048,0.014,488.97,"$489/mo, 0.00% escalator",45313.88,0.169,1159.933,620.639,28.737,22.319,85.194,4,28.497,-260.63,Expand into next operating review
SCN-013,CA,Dealer partner,Levelized PPA,PPA,Super prime,National,11.349,No,17886,34224.93,0.076,0.046,0.007,373.14,"$0.250/kWh, 2.99% escalator",57151.1,0.18,1320.851,744.42,27.402,33.548,90.869,4,34.576,1067.11,Expand into next operating review
SCN-014,CA,Installer platform,Levelized PPA,PPA,Super prime,National,8.367,No,13362,29451.86,0.061,0.05,0.007,237.43,"$0.213/kWh, 0.00% escalator",14397.74,0.108,552.927,42.495,22.799,30.542,71.348,7,41.058,1293.35,Hold launch until pricing QA clears
SCN-015,CA,New homes,Levelized PPA,PPA,Prime,Regional,11.097,No,16382,33044.25,0.058,0.055,0.014,293.37,"$0.215/kWh, 2.99% escalator",34487.65,0.152,929.534,302.332,34.66,21.443,71.644,3,38.039,1557.98,Reprice to defend installer proposal flow
SCN-016,CA,Direct homeowner,Levelized PPA,PPA,Prime,National,9.323,No,14302,31385.25,0.056,0.049,0.014,238.09,"$0.200/kWh, 0.00% escalator",11222.21,0.092,381.087,-169.191,29.585,21.826,63.047,0,50.229,1576.65,Raise rate or reduce dealer incentive
SCN-017,CA,Dealer partner,Prepaid lease,Lease,Prime,Regional,6.903,No,10110,19387.02,0.062,0.053,0.014,0,"$1778/kW prepaid, 6.2% dealer fee",5671.61,0.442,3888.54,3261.29,16.309,24.74,90.491,4,31.914,2444.72,Expand into next operating review
SCN-018,CA,Installer platform,Prepaid lease,Lease,Prime,Regional,8.012,Yes,11573,26337.82,0.032,0.051,0.014,0,"$1835/kW prepaid, 3.2% dealer fee",3487.35,0.147,953.931,419.242,5.528,19.948,77.364,2,19.327,2798.5,Expand into next operating review
SCN-019,CA,New homes,Prepaid lease,Lease,Near prime,Emerging,8.966,No,13433,28165.42,0.053,0.061,0.027,0,"$1627/kW prepaid, 5.3% dealer fee",3581.08,0.138,770.844,136.49,-16.49,5.856,60.491,3,39.758,3248.28,Monitor in weekly pricing digest
SCN-020,CA,Direct homeowner,Prepaid lease,Lease,Prime,Regional,11.691,Yes,17335,36284.61,0.021,0.053,0.014,0,"$1561/kW prepaid, 2.1% dealer fee",3309.38,0.104,507.095,-90.427,-10.932,19.567,64.286,5,46.411,4191.63,Raise rate or reduce dealer incentive
SCN-021,AZ,Dealer partner,Solar loan,Loan,Near prime,Emerging,6.913,Yes,12091,22888.79,0.121,0.069,0.027,206.46,"8.49% APR, 12.1% dealer fee",-6666.34,0.034,-610.896,-1252.295,-70.917,5.703,42.435,9,271.976,-301.05,Raise rate or reduce dealer incentive
SCN-022,AZ,Installer platform,Solar loan,Loan,Super prime,Emerging,10.395,No,17234,34163.52,0.11,0.051,0.007,283.43,"7.63% APR, 11.0% dealer fee",2579.38,0.059,5.003,-546.227,36.689,33.462,56.161,8,148.857,-299.03,Raise rate or reduce dealer incentive
SCN-023,AZ,New homes,Solar loan,Loan,Near prime,National,7.6,No,12196,22467.89,0.118,0.066,0.027,214.69,"9.23% APR, 11.8% dealer fee",-3012.64,0.051,-418.429,-1190.638,178.002,6.021,40.709,1,283.985,-380.93,Raise rate or reduce dealer incentive
SCN-024,AZ,Direct homeowner,Solar loan,Loan,Prime,Regional,10.839,Yes,18559,35294.13,0.09,0.05,0.014,300.07,"8.12% APR, 9.0% dealer fee",2855.23,0.058,-61.168,-675.496,148.304,22.172,51.832,4,183.423,-260.1,Raise rate or reduce dealer incentive
SCN-025,AZ,Dealer partner,Solar plus storage loan,Loan,Near prime,Regional,10.803,Yes,18582,33960.73,0.143,0.064,0.027,323.09,"8.90% APR, 14.3% dealer fee",-4829.82,0.048,-426.982,-1127.391,42.026,7.255,43.087,4,244.49,-532.24,Raise rate or reduce dealer incentive
SCN-026,AZ,Installer platform,Solar plus storage loan,Loan,Prime,Regional,7.69,Yes,13881,26915.8,0.125,0.052,0.014,256.28,"9.11% APR, 12.5% dealer fee",2059.67,0.06,-63.805,-609.612,120.519,19.977,49.67,4,171.359,-576.62,Raise rate or reduce dealer incentive
SCN-027,AZ,New homes,Solar plus storage loan,Loan,Super prime,Regional,10.84,Yes,18759,37273.76,0.135,0.053,0.007,336.03,"8.33% APR, 13.5% dealer fee",6602.26,0.071,105.281,-423.897,-7.297,33.286,56.385,6,121.477,-655.72,Raise rate or reduce dealer incentive
SCN-028,AZ,Direct homeowner,Solar plus storage loan,Loan,Prime,Regional,6.731,Yes,10913,20636.15,0.124,0.051,0.014,202.76,"9.51% APR, 12.4% dealer fee",3001.54,0.065,1.853,-642.434,98.221,20.387,51.082,4,166.788,-468.71,Raise rate or reduce dealer incentive
SCN-029,AZ,Dealer partner,Operating lease,Lease,Prime,National,8.497,No,14118,27640.28,0.077,0.051,0.014,287.86,"$288/mo, 0.00% escalator",19379.19,0.13,742.065,100.286,37.335,22.102,68.109,3,37.063,-913.03,Reprice to defend installer proposal flow
SCN-030,AZ,Installer platform,Operating lease,Lease,Prime,Regional,7.001,No,12012,22390.41,0.056,0.05,0.014,257.67,"$258/mo, 0.00% escalator",20537.2,0.152,974.774,460.793,-2.688,22.062,79.346,2,18.0,-929.85,Expand into next operating review
SCN-031,AZ,New homes,Operating lease,Lease,Super prime,Regional,8.939,No,15399,27771.97,0.081,0.047,0.007,294.21,"$294/mo, 0.00% escalator",24373.56,0.141,912.438,332.603,-7.435,29.752,75.915,4,32.8,-758.62,Expand into next operating review
SCN-032,AZ,Direct homeowner,Operating lease,Lease,Near prime,Regional,6.444,No,11021,20500.46,0.083,0.068,0.027,208.8,"$209/mo, 0.00% escalator",7979.25,0.118,409.691,-288.849,18.391,6.349,53.163,1,78.983,-521.63,Raise rate or reduce dealer incentive
SCN-033,AZ,Dealer partner,Levelized PPA,PPA,Super prime,Regional,12.278,No,21870,40789.06,0.074,0.045,0.007,232.09,"$0.127/kWh, 3.50% escalator",20990.31,0.092,444.597,-51.954,13.692,31.218,67.708,5,46.861,1151.58,Raise rate or reduce dealer incentive
SCN-034,AZ,Installer platform,Levelized PPA,PPA,Super prime,Emerging,12.148,No,21057,33919.33,0.08,0.047,0.007,215.64,"$0.123/kWh, 2.99% escalator",18081.47,0.098,476.266,-17.38,37.591,31.524,70.037,3,34.969,1202.7,Reprice to defend installer proposal flow
SCN-035,AZ,New homes,Levelized PPA,PPA,Prime,Emerging,8.089,No,14085,25854.96,0.077,0.054,0.014,146.97,"$0.125/kWh, 3.50% escalator",7301.77,0.083,232.831,-375.308,23.012,22.557,53.229,7,125.466,771.77,Raise rate or reduce dealer incentive
SCN-036,AZ,Direct homeowner,Levelized PPA,PPA,Near prime,Regional,11.523,No,20746,34048.14,0.06,0.069,0.027,243.45,"$0.141/kWh, 3.50% escalator",16566.17,0.121,426.144,-332.877,7.468,5.256,51.481,5,98.52,812.88,Raise rate or reduce dealer incentive
SCN-037,AZ,Dealer partner,Prepaid lease,Lease,Prime,Emerging,7.661,Yes,12497,28893.32,0.066,0.051,0.014,0,"$2125/kW prepaid, 6.6% dealer fee",-1062.44,0.017,-344.818,-986.758,23.616,23.193,49.781,7,221.746,1754.64,Raise rate or reduce dealer incentive
SCN-038,AZ,Installer platform,Prepaid lease,Lease,Prime,Emerging,11.846,Yes,19950,43203.59,0.05,0.058,0.014,0,"$2128/kW prepaid, 5.0% dealer fee",1306.0,0.088,300.468,-228.003,26.06,18.65,58.779,4,79.434,2801.05,Raise rate or reduce dealer incentive
SCN-039,AZ,New homes,Prepaid lease,Lease,Super prime,Emerging,6.219,No,10807,17289.39,0.032,0.047,0.007,0,"$1411/kW prepaid, 3.2% dealer fee",-300.6,0.036,-107.325,-541.192,11.461,32.692,52.878,5,142.752,1517.42,Raise rate or reduce dealer incentive
SCN-040,AZ,Direct homeowner,Prepaid lease,Lease,Prime,Emerging,6.601,No,10679,19879.97,0.056,0.053,0.014,0,"$1643/kW prepaid, 5.6% dealer fee",-860.64,0.017,-362.757,-874.875,11.711,25.462,53.214,2,174.498,1499.39,Raise rate or reduce dealer incentive
SCN-041,TX,Dealer partner,Solar loan,Loan,Prime,National,8.437,No,12589,25516.63,0.083,0.052,0.014,227.8,"8.78% APR, 8.3% dealer fee",990.39,0.056,-101.388,-624.284,0.371,23.672,48.322,5,152.685,-845.28,Raise rate or reduce dealer incentive
SCN-042,TX,Installer platform,Solar loan,Loan,Prime,Emerging,10.163,No,14672,32217.07,0.1,0.055,0.014,280.48,"8.29% APR, 10.0% dealer fee",2518.77,0.062,-61.659,-688.465,112.486,25.322,50.255,2,174.722,-1164.81,Raise rate or reduce dealer incentive
SCN-043,TX,New homes,Solar loan,Loan,Prime,National,8.443,Yes,12995,32191.52,0.104,0.052,0.014,274.22,"8.00% APR, 10.4% dealer fee",1377.84,0.056,-97.365,-601.964,-26.604,23.551,46.411,5,155.544,-1341.39,Raise rate or reduce dealer incentive
SCN-044,TX,Direct homeowner,Solar loan,Loan,Prime,National,11.183,Yes,17281,38210.16,0.091,0.055,0.014,300.5,"7.21% APR, 9.1% dealer fee",-3538.37,0.045,-236.394,-743.207,-3.166,19.461,49.033,1,150.983,-1013.73,Raise rate or reduce dealer incentive
SCN-045,TX,Dealer partner,Solar plus storage loan,Loan,Near prime,Emerging,6.676,Yes,10553,25404.96,0.113,0.059,0.027,248.86,"9.59% APR, 11.3% dealer fee",-3643.14,0.044,-423.353,-1139.716,73.076,3.773,39.965,6,263.525,-1403.29,Raise rate or reduce dealer incentive
SCN-046,TX,Installer platform,Solar plus storage loan,Loan,Super prime,Regional,8.398,Yes,13343,26717.53,0.127,0.045,0.007,249.67,"8.85% APR, 12.7% dealer fee",7413.2,0.071,186.918,-295.488,103.917,28.881,59.542,1,98.03,-994.63,Raise rate or reduce dealer incentive
SCN-047,TX,New homes,Solar plus storage loan,Loan,Prime,Emerging,9.926,Yes,14407,35749.88,0.138,0.057,0.014,320.14,"8.22% APR, 13.8% dealer fee",1478.45,0.061,-97.402,-607.644,83.948,20.673,45.203,5,177.688,-1680.54,Raise rate or reduce dealer incentive
SCN-048,TX,Direct homeowner,Solar plus storage loan,Loan,Prime,Emerging,9.168,Yes,13307,34461.9,0.14,0.051,0.014,312.36,"8.35% APR, 14.0% dealer fee",4257.1,0.063,-18.541,-527.822,195.238,19.708,50.476,4,172.281,-1752.18,Raise rate or reduce dealer incentive
SCN-049,TX,Dealer partner,Operating lease,Lease,Super prime,Regional,11.409,No,17748,30910.36,0.049,0.051,0.007,382.88,"$383/mo, 2.99% escalator",58185.3,0.21,1572.378,1043.893,3.95,32.389,91.984,0,15.348,-1932.34,Expand into next operating review
SCN-050,TX,Installer platform,Operating lease,Lease,Prime,Regional,8.588,No,12583,24151.67,0.054,0.057,0.014,220.56,"$221/mo, 2.99% escalator",22536.35,0.147,847.97,327.336,24.913,20.857,73.473,1,20.579,-759.08,Monitor in weekly pricing digest
SCN-051,TX,New homes,Operating lease,Lease,Prime,National,9.132,No,14346,30350.91,0.059,0.053,0.014,313.72,"$314/mo, 3.50% escalator",44210.08,0.178,1194.337,623.985,36.111,22.192,79.174,6,48.267,-1612.65,Reprice to defend installer proposal flow
SCN-052,TX,Direct homeowner,Operating lease,Lease,Prime,National,12.175,Yes,18112,41683.93,0.081,0.05,0.014,510.96,"$511/mo, 3.50% escalator",82573.62,0.205,1496.388,992.387,18.398,24.374,91.097,0,12.415,-3414.65,Expand into next operating review
SCN-053,TX,Dealer partner,Levelized PPA,PPA,Super prime,National,11.711,No,17318,38698.33,0.072,0.045,0.007,161.8,"$0.112/kWh, 0.00% escalator",-6172.27,0.024,-237.326,-674.488,-4.451,31.108,51.445,5,157.817,656.16,Raise rate or reduce dealer incentive
SCN-054,TX,Installer platform,Levelized PPA,PPA,Near prime,Regional,8.777,No,13757,28280.39,0.098,0.062,0.027,111.43,"$0.097/kWh, 2.99% escalator",-5395.4,0.038,-325.113,-1006.833,-8.195,7.195,42.642,6,219.116,726.44,Raise rate or reduce dealer incentive
SCN-055,TX,New homes,Levelized PPA,PPA,Super prime,National,6.477,No,10110,20167.07,0.093,0.049,0.007,89.25,"$0.106/kWh, 0.00% escalator",-6233.87,0.006,-462.041,-920.706,32.1,32.703,50.255,0,193.787,445.49,Raise rate or reduce dealer incentive
SCN-056,TX,Direct homeowner,Levelized PPA,PPA,Prime,Regional,6.728,No,10012,19686.42,0.082,0.052,0.014,101.45,"$0.122/kWh, 0.00% escalator",-5173.19,0.015,-423.975,-930.328,2.345,22.963,50.504,7,200.562,284.41,Raise rate or reduce dealer incentive
SCN-057,TX,Dealer partner,Prepaid lease,Lease,Prime,Regional,9.944,No,15198,32428.33,0.062,0.052,0.014,0,"$1858/kW prepaid, 6.2% dealer fee",-643.73,0.033,-188.729,-768.148,13.454,21.209,47.288,4,176.374,1778.23,Raise rate or reduce dealer incentive
SCN-058,TX,Installer platform,Prepaid lease,Lease,Prime,National,10.701,No,16972,31434.78,0.029,0.049,0.014,0,"$1519/kW prepaid, 2.9% dealer fee",-1351.91,0.019,-294.509,-922.213,-10.223,19.907,47.981,5,197.371,1985.83,Raise rate or reduce dealer incentive
SCN-059,TX,New homes,Prepaid lease,Lease,Near prime,Regional,9.67,No,14561,32789.64,0.023,0.069,0.027,0,"$2154/kW prepaid, 2.3% dealer fee",468.72,0.096,270.63,-461.387,33.0,4.528,41.606,6,148.697,1703.69,Raise rate or reduce dealer incentive
SCN-060,TX,Direct homeowner,Prepaid lease,Lease,Prime,Regional,7.026,No,10202,21992.68,0.042,0.05,0.014,0,"$1577/kW prepaid, 4.2% dealer fee",-2805.15,-0.05,-996.414,-1595.224,17.921,18.818,48.764,4,302.05,1193.73,Raise rate or reduce dealer incentive
SCN-061,FL,Dealer partner,Solar loan,Loan,Prime,Emerging,10.721,No,15406,29114.6,0.094,0.052,0.014,258.43,"8.59% APR, 9.4% dealer fee",2392.35,0.061,-58.806,-649.805,158.849,19.415,48.274,3,188.046,-482.02,Raise rate or reduce dealer incentive
SCN-062,FL,Installer platform,Solar loan,Loan,Super prime,Emerging,7.254,No,10827,22994.64,0.105,0.052,0.007,206.2,"8.60% APR, 10.5% dealer fee",3336.13,0.066,72.166,-432.648,200.117,29.006,57.525,6,161.88,-633.73,Raise rate or reduce dealer incentive
SCN-063,FL,New homes,Solar loan,Loan,Prime,Emerging,11.002,No,16497,32777.41,0.109,0.054,0.014,274.03,"7.73% APR, 10.9% dealer fee",1215.46,0.057,-102.638,-613.668,16.913,19.332,46.379,7,168.305,-483.85,Raise rate or reduce dealer incentive
SCN-064,FL,Direct homeowner,Solar loan,Loan,Super prime,Regional,9.327,No,13333,29804.76,0.108,0.047,0.007,242.67,"7.44% APR, 10.8% dealer fee",3026.91,0.057,28.07,-550.522,-40.492,32.461,56.941,3,119.836,-645.21,Raise rate or reduce dealer incentive
SCN-065,FL,Dealer partner,Solar plus storage loan,Loan,Prime,National,9.332,Yes,14274,36399.35,0.133,0.056,0.014,342.77,"8.88% APR, 13.3% dealer fee",4797.43,0.069,-7.504,-595.032,228.301,23.265,49.891,9,214.895,-1686.58,Raise rate or reduce dealer incentive
SCN-066,FL,Installer platform,Solar plus storage loan,Loan,Near prime,Regional,6.611,Yes,9880,20853.09,0.114,0.062,0.027,202.18,"9.45% APR, 11.4% dealer fee",-4437.61,0.039,-505.538,-1182.601,174.819,6.546,44.11,5,284.474,-746.52,Raise rate or reduce dealer incentive
SCN-067,FL,New homes,Solar plus storage loan,Loan,Super prime,National,7.568,Yes,11676,27732.98,0.113,0.047,0.007,238.66,"8.02% APR, 11.3% dealer fee",2005.24,0.055,0.422,-470.597,196.798,34.182,55.544,5,173.537,-879.01,Raise rate or reduce dealer incentive
SCN-068,FL,Direct homeowner,Solar plus storage loan,Loan,Near prime,Regional,7.106,Yes,10627,25468.69,0.131,0.061,0.027,265.03,"10.16% APR, 13.1% dealer fee",-980.67,0.057,-310.815,-1036.507,281.076,1.536,43.245,2,273.979,-1373.66,Raise rate or reduce dealer incentive
SCN-069,FL,Dealer partner,Operating lease,Lease,Super prime,Regional,12.192,Yes,19067,43242.97,0.069,0.051,0.007,530.94,"$531/mo, 3.50% escalator",84361.06,0.207,1530.922,1074.663,33.858,34.235,94.499,4,36.126,-3129.84,Reprice to defend installer proposal flow
SCN-070,FL,Installer platform,Operating lease,Lease,Prime,National,6.943,Yes,10706,23906.52,0.05,0.05,0.014,222.42,"$222/mo, 3.50% escalator",27473.86,0.148,933.075,347.908,-7.652,23.185,76.762,4,24.8,-848.85,Expand into next operating review
SCN-071,FL,New homes,Operating lease,Lease,Super prime,Regional,10.772,Yes,16811,33786.18,0.058,0.048,0.007,319.87,"$320/mo, 0.00% escalator",22231.87,0.123,722.922,187.388,23.873,28.572,71.466,3,35.611,-980.45,Monitor in weekly pricing digest
SCN-072,FL,Direct homeowner,Operating lease,Lease,Prime,Regional,6.715,No,9585,18169.28,0.069,0.053,0.014,214.95,"$215/mo, 2.99% escalator",26885.18,0.18,1218.562,669.344,10.742,21.674,86.296,2,17.378,-949.85,Expand into next operating review
SCN-073,FL,Dealer partner,Levelized PPA,PPA,Super prime,Regional,6.621,No,9757,23114.09,0.058,0.053,0.007,97.98,"$0.121/kWh, 2.99% escalator",79.36,0.054,-20.58,-565.926,3.036,33.847,54.616,3,131.523,482.94,Raise rate or reduce dealer incentive
SCN-074,FL,Installer platform,Levelized PPA,PPA,Super prime,National,10.645,No,15434,33305.75,0.085,0.046,0.007,174.72,"$0.136/kWh, 2.99% escalator",10097.73,0.076,272.44,-298.172,-12.35,28.943,61.233,1,71.998,527.19,Raise rate or reduce dealer incentive
SCN-075,FL,New homes,Levelized PPA,PPA,Super prime,Regional,8.109,No,11822,26828.0,0.069,0.05,0.007,135.79,"$0.138/kWh, 0.00% escalator",-4673.14,0.026,-264.834,-740.099,17.056,33.881,52.49,3,169.468,380.4,Raise rate or reduce dealer incentive
SCN-076,FL,Direct homeowner,Levelized PPA,PPA,Prime,Emerging,8.185,No,12279,27625.53,0.101,0.054,0.014,114.23,"$0.112/kWh, 3.50% escalator",-3284.9,0.041,-177.682,-697.796,-2.966,19.833,50.93,5,155.61,716.75,Raise rate or reduce dealer incentive
SCN-077,FL,Dealer partner,Prepaid lease,Lease,Super prime,Emerging,6.301,No,9098,22154.21,0.031,0.054,0.007,0,"$2021/kW prepaid, 3.1% dealer fee",-1070.02,0.002,-521.143,-1041.803,-3.353,30.015,52.726,2,205.235,1206.5,Raise rate or reduce dealer incentive
SCN-078,FL,Installer platform,Prepaid lease,Lease,Super prime,National,12.369,No,19167,37427.59,0.021,0.047,0.007,0,"$1785/kW prepaid, 2.1% dealer fee",2819.97,0.118,705.125,200.23,-8.579,30.934,75.914,4,24.8,2541.64,Expand into next operating review
SCN-079,FL,New homes,Prepaid lease,Lease,Near prime,Emerging,10.61,No,14878,32055.11,0.063,0.061,0.027,0,"$1717/kW prepaid, 6.3% dealer fee",-577.54,0.044,-175.393,-881.253,12.892,1.546,38.909,8,220.276,1972.83,Raise rate or reduce dealer incentive
SCN-080,FL,Direct homeowner,Prepaid lease,Lease,Super prime,National,9.675,No,14527,27965.35,0.031,0.048,0.007,0,"$1753/kW prepaid, 3.1% dealer fee",2018.85,0.127,787.727,209.192,3.239,28.155,76.236,4,22.377,1926.36,Expand into next operating review
SCN-081,NJ,Dealer partner,Solar loan,Loan,Super prime,Regional,6.481,Yes,7748,24700.47,0.124,0.049,0.007,193.81,"6.86% APR, 12.4% dealer fee",446.99,0.051,-51.99,-620.827,-144.549,34.23,60.017,1,127.917,-620.95,Raise rate or reduce dealer incentive
SCN-082,NJ,Installer platform,Solar loan,Loan,Super prime,Regional,7.124,No,8908,23520.57,0.107,0.054,0.007,211.67,"8.61% APR, 10.7% dealer fee",4632.59,0.073,123.481,-432.32,192.651,27.707,62.508,2,141.95,-580.31,Raise rate or reduce dealer incentive
SCN-083,NJ,New homes,Solar loan,Loan,Super prime,Regional,11.467,No,14864,31234.65,0.092,0.051,0.007,249.48,"7.39% APR, 9.2% dealer fee",1247.69,0.055,-30.202,-507.703,137.671,28.428,57.617,6,166.819,276.38,Raise rate or reduce dealer incentive
SCN-084,NJ,Direct homeowner,Solar loan,Loan,Super prime,Regional,6.759,No,8394,23417.88,0.128,0.05,0.007,185.36,"6.92% APR, 12.8% dealer fee",1087.59,0.054,-23.789,-474.615,34.693,30.89,63.91,6,119.946,-377.56,Raise rate or reduce dealer incentive
SCN-085,NJ,Dealer partner,Solar plus storage loan,Loan,Near prime,Regional,10.293,Yes,13529,38637.52,0.119,0.062,0.027,411.49,"10.60% APR, 11.9% dealer fee",2872.39,0.07,-192.793,-968.927,300.507,8.252,49.106,6,282.555,-1961.5,Raise rate or reduce dealer incentive
SCN-086,NJ,Installer platform,Solar plus storage loan,Loan,Prime,Regional,9.801,Yes,12658,35710.9,0.129,0.058,0.014,345.5,"9.26% APR, 12.9% dealer fee",5699.8,0.074,21.044,-544.724,231.117,21.995,56.987,4,180.936,-1361.23,Raise rate or reduce dealer incentive
SCN-087,NJ,New homes,Solar plus storage loan,Loan,Prime,Regional,12.275,Yes,16199,44833.4,0.129,0.056,0.014,430.34,"9.16% APR, 12.9% dealer fee",9535.5,0.077,70.61,-509.926,121.029,23.029,55.288,10,178.876,-1600.08,Raise rate or reduce dealer incentive
SCN-088,NJ,Direct homeowner,Solar plus storage loan,Loan,Prime,Regional,9.997,Yes,12596,34300.18,0.122,0.056,0.014,309.7,"8.49% APR, 12.2% dealer fee",1915.91,0.061,-83.155,-634.9,231.912,25.085,58.656,5,194.253,-945.17,Raise rate or reduce dealer incentive
SCN-089,NJ,Dealer partner,Operating lease,Lease,Super prime,National,11.547,Yes,15394,43813.21,0.068,0.051,0.007,422.6,"$423/mo, 3.50% escalator",62375.63,0.17,1170.061,703.474,6.2,31.983,94.614,7,39.688,-1684.49,Hold launch until pricing QA clears
SCN-090,NJ,Installer platform,Operating lease,Lease,Near prime,National,8.352,No,10645,24103.42,0.077,0.064,0.027,242.02,"$242/mo, 2.99% escalator",23322.13,0.159,851.899,130.203,-13.254,5.801,68.933,4,27.56,-562.31,Monitor in weekly pricing digest
SCN-091,NJ,New homes,Operating lease,Lease,Super prime,Regional,10.777,No,13276,38256.16,0.069,0.049,0.007,411.98,"$412/mo, 0.00% escalator",38229.69,0.157,1059.356,561.706,20.343,30.965,88.388,1,27.482,-2022.96,Expand into next operating review
SCN-092,NJ,Direct homeowner,Operating lease,Lease,Prime,Regional,9.828,Yes,12862,30789.62,0.079,0.056,0.014,309.19,"$309/mo, 0.00% escalator",20146.03,0.133,716.755,210.513,7.185,25.495,80.676,6,30.124,-880.42,Expand into next operating review
SCN-093,NJ,Dealer partner,Levelized PPA,PPA,Prime,Regional,7.295,Yes,8950,23461.95,0.064,0.049,0.014,134.13,"$0.180/kWh, 0.00% escalator",-841.87,0.044,-96.194,-677.009,35.915,19.167,53.69,5,164.82,359.6,Raise rate or reduce dealer incentive
SCN-094,NJ,Installer platform,Levelized PPA,PPA,Prime,Regional,7.974,No,10065,24373.44,0.083,0.057,0.014,143.82,"$0.171/kWh, 0.00% escalator",-780.21,0.053,-91.753,-633.487,7.673,23.617,56.799,0,128.08,488.62,Raise rate or reduce dealer incentive
SCN-095,NJ,New homes,Levelized PPA,PPA,Super prime,Regional,9.937,No,12946,29405.85,0.085,0.044,0.007,160.55,"$0.149/kWh, 0.00% escalator",3269.73,0.058,108.93,-390.008,18.4,28.423,60.884,7,119.821,921.64,Raise rate or reduce dealer incentive
SCN-096,NJ,Direct homeowner,Levelized PPA,PPA,Super prime,Regional,10.844,Yes,12859,37512.17,0.061,0.046,0.007,167.14,"$0.156/kWh, 0.00% escalator",-7076.8,0.02,-284.89,-819.229,-0.452,28.217,59.971,8,177.103,823.39,Raise rate or reduce dealer incentive
SCN-097,NJ,Dealer partner,Prepaid lease,Lease,Prime,Regional,10.968,No,13134,30559.59,0.038,0.055,0.014,0,"$1448/kW prepaid, 3.8% dealer fee",-141.99,0.052,-31.215,-546.285,-13.282,20.439,55.05,2,123.861,2253.85,Raise rate or reduce dealer incentive
SCN-098,NJ,Installer platform,Prepaid lease,Lease,Super prime,National,12.126,No,15330,37535.5,0.02,0.049,0.007,0,"$1706/kW prepaid, 2.0% dealer fee",2324.46,0.094,449.741,-126.913,24.713,32.281,72.912,3,47.637,2630.78,Raise rate or reduce dealer incentive
SCN-099,NJ,New homes,Prepaid lease,Lease,Prime,Regional,8.942,No,11009,24359.26,0.044,0.054,0.014,0,"$1680/kW prepaid, 4.4% dealer fee",3289.4,0.213,1593.132,1016.436,-14.298,23.267,93.552,4,32.8,1889.27,Expand into next operating review
SCN-100,NJ,Direct homeowner,Prepaid lease,Lease,Super prime,Regional,10.83,Yes,13100,42103.55,0.043,0.052,0.007,0,"$2383/kW prepaid, 4.3% dealer fee",995.11,0.082,305.066,-143.974,-14.423,29.404,72.47,1,34.436,2248.02,Raise rate or reduce dealer incentive
SCN-101,NY,Dealer partner,Solar loan,Loan,Super prime,Regional,10.97,Yes,13010,38263.9,0.087,0.053,0.007,332.92,"8.43% APR, 8.7% dealer fee",6896.11,0.07,105.834,-381.612,229.398,32.685,62.687,3,149.095,-872.48,Raise rate or reduce dealer incentive
SCN-102,NY,Installer platform,Solar loan,Loan,Near prime,Emerging,12.497,Yes,14966,43096.7,0.103,0.067,0.027,395.09,"8.88% APR, 10.3% dealer fee",-5756.63,0.053,-418.534,-1049.729,109.548,5.642,47.17,5,244.796,-1149.17,Raise rate or reduce dealer incentive
SCN-103,NY,New homes,Solar loan,Loan,Super prime,Regional,11.741,No,14352,41163.33,0.085,0.051,0.007,336.92,"7.73% APR, 8.5% dealer fee",4554.6,0.061,38.151,-407.442,49.839,32.482,60.024,8,134.33,-598.36,Raise rate or reduce dealer incentive
SCN-104,NY,Direct homeowner,Solar loan,Loan,Near prime,National,9.948,No,12264,34993.69,0.089,0.062,0.027,315.15,"8.82% APR, 8.9% dealer fee",-3674.99,0.05,-382.207,-1117.316,-51.581,6.96,48.963,6,227.904,-838.25,Raise rate or reduce dealer incentive
SCN-105,NY,Dealer partner,Solar plus storage loan,Loan,Super prime,National,6.991,Yes,7860,22175.79,0.129,0.052,0.007,189.49,"7.77% APR, 12.9% dealer fee",-615.92,0.049,-98.509,-653.897,112.101,32.24,57.101,4,172.937,-387.32,Raise rate or reduce dealer incentive
SCN-106,NY,Installer platform,Solar plus storage loan,Loan,Super prime,Emerging,12.685,Yes,15357,39927.68,0.147,0.048,0.007,333.8,"7.34% APR, 14.7% dealer fee",6463.34,0.063,86.272,-431.077,89.084,30.604,61.679,10,144.841,-319.84,Raise rate or reduce dealer incentive
SCN-107,NY,New homes,Solar plus storage loan,Loan,Near prime,Regional,6.395,Yes,7408,23307.56,0.113,0.061,0.027,222.38,"9.27% APR, 11.3% dealer fee",-2957.82,0.047,-406.544,-1169.058,196.651,5.355,43.949,6,299.091,-890.53,Raise rate or reduce dealer incentive
SCN-108,NY,Direct homeowner,Solar plus storage loan,Loan,Prime,Regional,9.794,Yes,11206,33947.44,0.145,0.053,0.014,331.02,"9.18% APR, 14.5% dealer fee",7559.32,0.075,77.413,-470.419,244.406,22.206,58.299,4,167.855,-1282.64,Raise rate or reduce dealer incentive
SCN-109,NY,Dealer partner,Operating lease,Lease,Super prime,Emerging,7.648,No,8747,25756.19,0.067,0.052,0.007,282.61,"$283/mo, 0.00% escalator",20942.8,0.145,899.188,380.31,-7.459,31.442,83.33,9,45.0,-1291.95,Hold launch until pricing QA clears
SCN-110,NY,Installer platform,Operating lease,Lease,Super prime,National,10.932,No,13660,37275.82,0.053,0.044,0.007,348.66,"$349/mo, 2.99% escalator",53015.68,0.164,1174.423,628.268,-10.359,29.612,90.689,3,21.4,-905.53,Expand into next operating review
SCN-111,NY,New homes,Operating lease,Lease,Prime,National,10.087,Yes,12650,33349.28,0.069,0.049,0.014,413.08,"$413/mo, 0.00% escalator",37428.4,0.17,1157.589,515.285,13.671,20.046,80.433,5,39.481,-1920.9,Expand into next operating review
SCN-112,NY,Direct homeowner,Operating lease,Lease,Prime,National,7.847,Yes,9598,25588.91,0.044,0.048,0.014,307.69,"$308/mo, 2.99% escalator",45784.9,0.197,1445.2,799.835,20.481,23.057,93.941,3,23.115,-1388.58,Expand into next operating review
SCN-113,NY,Dealer partner,Levelized PPA,PPA,Prime,Regional,12.128,Yes,15198,43230.45,0.082,0.053,0.014,232.68,"$0.184/kWh, 0.00% escalator",-1066.39,0.05,-81.234,-605.984,-3.145,23.61,53.476,4,141.629,855.37,Raise rate or reduce dealer incentive
SCN-114,NY,Installer platform,Levelized PPA,PPA,Super prime,National,7.327,No,8708,19958.2,0.086,0.047,0.007,125.44,"$0.173/kWh, 3.50% escalator",10622.39,0.095,453.572,-75.584,-5.33,30.755,71.618,5,40.638,584.7,Raise rate or reduce dealer incentive
SCN-115,NY,New homes,Levelized PPA,PPA,Prime,Emerging,11.601,No,13766,36335.39,0.099,0.053,0.014,209.79,"$0.183/kWh, 3.50% escalator",14329.65,0.09,326.784,-185.06,24.403,19.342,60.683,8,92.051,786.48,Raise rate or reduce dealer incentive
SCN-116,NY,Direct homeowner,Levelized PPA,PPA,Super prime,Emerging,12.234,Yes,14484,41340.7,0.078,0.047,0.007,193.13,"$0.160/kWh, 2.99% escalator",7962.3,0.067,172.882,-388.138,34.62,32.809,65.038,9,115.277,1158.75,Raise rate or reduce dealer incentive
SCN-117,NY,Dealer partner,Prepaid lease,Lease,Prime,National,8.018,Yes,9348,28685.76,0.045,0.048,0.014,0,"$1941/kW prepaid, 4.5% dealer fee",-562.84,0.033,-150.71,-686.347,9.531,20.462,52.154,4,157.964,1749.98,Raise rate or reduce dealer incentive
SCN-118,NY,Installer platform,Prepaid lease,Lease,Super prime,Emerging,11.09,No,12898,38044.72,0.062,0.049,0.007,0,"$2115/kW prepaid, 6.2% dealer fee",3499.32,0.159,1095.893,589.874,-4.029,33.359,91.196,3,21.4,2414.55,Expand into next operating review
SCN-119,NY,New homes,Prepaid lease,Lease,Prime,Regional,7.372,No,9034,23429.8,0.035,0.05,0.014,0,"$1970/kW prepaid, 3.5% dealer fee",2455.2,0.178,1281.302,677.975,19.951,23.032,86.206,4,37.588,1691.32,Expand into next operating review
SCN-120,NY,Direct homeowner,Prepaid lease,Lease,Near prime,National,12.582,No,14913,38142.5,0.031,0.062,0.027,0,"$1874/kW prepaid, 3.1% dealer fee",4862.2,0.223,1608.14,876.56,18.251,4.12,87.77,6,32.78,2791.75,Expand into next operating review
SCN-121,CO,Dealer partner,Solar loan,Loan,Near prime,National,7.19,No,10992,24873.76,0.114,0.067,0.027,255.72,"10.20% APR, 11.4% dealer fee",-1422.91,0.061,-332.52,-1064.633,90.347,4.218,44.652,7,254.838,-1309.9,Raise rate or reduce dealer incentive
SCN-122,CO,Installer platform,Solar loan,Loan,Prime,Emerging,11.748,No,18274,33047.99,0.095,0.049,0.014,275.5,"7.84% APR, 9.5% dealer fee",2437.45,0.056,-68.215,-682.653,120.68,23.709,54.078,5,182.518,-382.05,Raise rate or reduce dealer incentive
SCN-123,CO,New homes,Solar loan,Loan,Prime,Emerging,6.67,No,9469,20679.94,0.129,0.052,0.014,179.88,"7.98% APR, 12.9% dealer fee",168.03,0.053,-131.807,-759.943,147.911,21.703,50.135,4,209.568,-643.41,Raise rate or reduce dealer incentive
SCN-124,CO,Direct homeowner,Solar loan,Loan,Super prime,Regional,9.431,No,14936,25740.01,0.112,0.05,0.007,211.69,"7.51% APR, 11.2% dealer fee",1978.55,0.058,5.95,-481.548,169.949,33.333,61.983,7,158.65,-150.44,Raise rate or reduce dealer incentive
SCN-125,CO,Dealer partner,Solar plus storage loan,Loan,Prime,National,11.637,Yes,17116,38384.49,0.112,0.055,0.014,370.27,"9.41% APR, 11.2% dealer fee",6950.35,0.073,38.993,-594.204,42.576,25.137,53.437,6,156.797,-1704.6,Raise rate or reduce dealer incentive
SCN-126,CO,Installer platform,Solar plus storage loan,Loan,Super prime,Emerging,7.888,Yes,12050,27697.55,0.113,0.054,0.007,238.42,"8.02% APR, 11.3% dealer fee",1078.3,0.058,-30.437,-463.398,32.221,28.572,59.248,3,114.753,-932.98,Raise rate or reduce dealer incentive
SCN-127,CO,New homes,Solar plus storage loan,Loan,Near prime,National,10.944,Yes,15824,34319.51,0.104,0.06,0.027,347.95,"10.14% APR, 10.4% dealer fee",1820.23,0.066,-215.553,-885.003,141.941,4.974,43.109,6,241.268,-1643.55,Raise rate or reduce dealer incentive
SCN-128,CO,Direct homeowner,Solar plus storage loan,Loan,Prime,Regional,6.869,Yes,10258,22393.45,0.115,0.058,0.014,196.93,"8.25% APR, 11.5% dealer fee",-1618.87,0.05,-216.472,-731.443,164.544,23.67,55.301,8,206.75,-721.79,Raise rate or reduce dealer incentive
SCN-129,CO,Dealer partner,Operating lease,Lease,Prime,Emerging,6.813,No,10080,19177.1,0.069,0.058,0.014,235.85,"$236/mo, 0.00% escalator",17254.88,0.162,996.497,368.896,5.298,19.616,77.366,2,22.471,-1217.42,Expand into next operating review
SCN-130,CO,Installer platform,Operating lease,Lease,Near prime,National,8.914,Yes,13800,29109.79,0.053,0.066,0.027,271.69,"$272/mo, 0.00% escalator",9393.96,0.109,339.758,-376.74,-4.08,6.132,52.23,2,96.071,-1052.14,Raise rate or reduce dealer incentive
SCN-131,CO,New homes,Operating lease,Lease,Near prime,Emerging,11.938,Yes,17311,41455.0,0.062,0.069,0.027,437.96,"$438/mo, 3.50% escalator",47704.28,0.181,1029.76,303.263,9.853,2.331,66.423,5,43.584,-2485.72,Monitor in weekly pricing digest
SCN-132,CO,Direct homeowner,Operating lease,Lease,Prime,Emerging,8.598,Yes,12855,27777.12,0.071,0.054,0.014,343.76,"$344/mo, 0.00% escalator",26560.78,0.161,1023.09,424.515,11.231,20.544,81.781,3,20.895,-2068.19,Expand into next operating review
SCN-133,CO,Dealer partner,Levelized PPA,PPA,Near prime,Regional,9.217,No,14384,30369.39,0.06,0.063,0.027,139.97,"$0.117/kWh, 3.50% escalator",-2180.63,0.055,-178.737,-897.059,34.377,1.84,43.653,6,212.092,621.9,Raise rate or reduce dealer incentive
SCN-134,CO,Installer platform,Levelized PPA,PPA,Prime,Regional,12.665,No,18889,42251.19,0.067,0.058,0.014,200.21,"$0.127/kWh, 0.00% escalator",-8559.74,0.028,-343.762,-863.768,17.425,25.049,54.64,2,176.008,619.8,Raise rate or reduce dealer incentive
SCN-135,CO,New homes,Levelized PPA,PPA,Prime,Regional,6.962,No,10753,21458.2,0.08,0.055,0.014,95.51,"$0.107/kWh, 2.99% escalator",-2162.11,0.043,-163.542,-789.751,24.01,19.899,49.378,6,192.083,574.37,Raise rate or reduce dealer incentive
SCN-136,CO,Direct homeowner,Levelized PPA,PPA,Prime,Emerging,11.1,No,16978,31788.36,0.096,0.056,0.014,145.41,"$0.103/kWh, 0.00% escalator",-7442.4,0.023,-378.039,-1017.012,25.732,22.844,54.954,5,209.239,971.62,Raise rate or reduce dealer incentive
SCN-137,CO,Dealer partner,Prepaid lease,Lease,Near prime,National,7.371,No,10961,20773.56,0.022,0.064,0.027,0,"$1470/kW prepaid, 2.2% dealer fee",-1353.38,0.013,-509.579,-1223.069,0.067,2.576,43.962,8,262.542,1368.02,Raise rate or reduce dealer incentive
SCN-138,CO,Installer platform,Prepaid lease,Lease,Super prime,Regional,8.945,No,13193,24444.86,0.03,0.046,0.007,0,"$1370/kW prepaid, 3.0% dealer fee",-884.21,0.024,-221.953,-684.72,6.957,32.183,57.637,5,152.352,1646.56,Raise rate or reduce dealer incentive
SCN-139,CO,New homes,Prepaid lease,Lease,Prime,National,12.215,No,19197,36491.3,0.049,0.052,0.014,0,"$1497/kW prepaid, 4.9% dealer fee",-1135.8,0.033,-194.349,-723.225,19.539,18.958,48.982,5,177.321,2395.9,Raise rate or reduce dealer incentive
SCN-140,CO,Direct homeowner,Prepaid lease,Lease,Super prime,Regional,8.389,Yes,12172,25829.39,0.055,0.05,0.007,0,"$1770/kW prepaid, 5.5% dealer fee",-790.51,0.019,-308.672,-777.47,16.628,31.99,58.796,0,148.27,1519.15,Raise rate or reduce dealer incentive
SCN-141,NV,Dealer partner,Solar loan,Loan,Prime,Regional,8.808,No,15781,27097.82,0.108,0.049,0.014,241.6,"8.49% APR, 10.8% dealer fee",3230.68,0.061,-24.712,-606.571,-39.754,23.605,48.554,1,135.953,-374.2,Raise rate or reduce dealer incentive
SCN-142,NV,Installer platform,Solar loan,Loan,Prime,Emerging,8.469,No,15240,27367.56,0.114,0.05,0.014,251.99,"8.82% APR, 11.4% dealer fee",5207.76,0.068,41.918,-487.231,219.334,25.46,53.039,8,186.062,-585.33,Raise rate or reduce dealer incentive
SCN-143,NV,New homes,Solar loan,Loan,Super prime,Regional,6.86,No,11591,23737.36,0.099,0.049,0.007,191.1,"7.40% APR, 9.9% dealer fee",332.53,0.05,-56.139,-573.765,6.093,29.223,49.116,5,150.06,-438.6,Raise rate or reduce dealer incentive
SCN-144,NV,Direct homeowner,Solar loan,Loan,Prime,National,10.204,No,18470,34925.8,0.085,0.053,0.014,296.64,"8.16% APR, 8.5% dealer fee",2236.69,0.06,-76.223,-587.692,184.498,21.336,50.081,7,189.837,-604.34,Raise rate or reduce dealer incentive
SCN-145,NV,Dealer partner,Solar plus storage loan,Loan,Super prime,Regional,11.039,Yes,19102,36340.25,0.125,0.049,0.007,328.41,"8.47% APR, 12.5% dealer fee",9469.36,0.074,177.459,-351.943,30.752,30.624,57.726,6,111.338,-884.47,Raise rate or reduce dealer incentive
SCN-146,NV,Installer platform,Solar plus storage loan,Loan,Prime,National,7.565,Yes,12374,29101.08,0.115,0.053,0.014,265.43,"8.69% APR, 11.5% dealer fee",2287.87,0.061,-61.81,-708.899,165.08,20.343,48.424,8,212.661,-1205.26,Raise rate or reduce dealer incentive
SCN-147,NV,New homes,Solar plus storage loan,Loan,Near prime,Regional,8.529,Yes,14758,32504.05,0.126,0.064,0.027,333.29,"10.02% APR, 12.6% dealer fee",-525.25,0.062,-287.253,-938.098,234.235,4.036,38.475,5,272.685,-1638.08,Raise rate or reduce dealer incentive
SCN-148,NV,Direct homeowner,Solar plus storage loan,Loan,Super prime,National,9.985,Yes,16353,31702.57,0.127,0.044,0.007,286.15,"8.44% APR, 12.7% dealer fee",8543.49,0.069,178.776,-289.963,221.667,32.537,62.731,3,126.136,-817.23,Raise rate or reduce dealer incentive
SCN-149,NV,Dealer partner,Operating lease,Lease,Prime,Regional,11.615,Yes,19981,42089.06,0.057,0.055,0.014,440.64,"$441/mo, 0.00% escalator",32267.7,0.145,853.158,264.569,-12.607,19.547,70.199,2,22.821,-2090.63,Monitor in weekly pricing digest
SCN-150,NV,Installer platform,Operating lease,Lease,Prime,Regional,9.645,No,17266,25937.64,0.068,0.05,0.014,276.75,"$277/mo, 2.99% escalator",35421.15,0.167,1118.052,560.866,30.107,20.128,79.913,4,32.026,-558.41,Expand into next operating review
SCN-151,NV,New homes,Operating lease,Lease,Prime,Regional,8.285,No,14201,23109.22,0.074,0.051,0.014,237.93,"$238/mo, 2.99% escalator",28985.97,0.158,1029.541,474.694,-3.788,22.384,75.367,4,32.8,-582.88,Expand into next operating review
SCN-152,NV,Direct homeowner,Operating lease,Lease,Prime,Regional,9.834,No,16177,32314.97,0.052,0.058,0.014,334.3,"$334/mo, 0.00% escalator",23291.31,0.145,821.498,299.699,16.382,25.391,76.109,5,28.932,-1423.2,Expand into next operating review
SCN-153,NV,Dealer partner,Levelized PPA,PPA,Near prime,National,6.422,No,10762,19999.04,0.059,0.061,0.027,106.97,"$0.119/kWh, 0.00% escalator",-3781.95,0.033,-375.311,-1005.354,-14.157,6.658,41.437,5,219.764,438.24,Raise rate or reduce dealer incentive
SCN-154,NV,Installer platform,Levelized PPA,PPA,Super prime,Regional,6.903,Yes,12480,22743.1,0.097,0.052,0.007,129.19,"$0.124/kWh, 2.99% escalator",2258.5,0.062,76.825,-475.147,7.8,30.712,55.58,5,120.873,446.61,Raise rate or reduce dealer incentive
SCN-155,NV,New homes,Levelized PPA,PPA,Near prime,Regional,6.264,No,10285,17999.67,0.059,0.066,0.027,104.63,"$0.122/kWh, 0.00% escalator",-5077.02,0.021,-541.992,-1311.702,-6.819,4.993,38.877,4,272.483,390.1,Raise rate or reduce dealer incentive
SCN-156,NV,Direct homeowner,Levelized PPA,PPA,Prime,Regional,9.774,Yes,17714,33856.81,0.082,0.053,0.014,175.68,"$0.119/kWh, 0.00% escalator",-7228.18,0.023,-347.3,-977.616,8.786,24.095,51.24,0,185.211,726.14,Raise rate or reduce dealer incentive
SCN-157,NV,Dealer partner,Prepaid lease,Lease,Super prime,National,10.035,No,17300,32125.95,0.025,0.049,0.007,0,"$1984/kW prepaid, 2.5% dealer fee",2516.89,0.148,982.344,460.381,-7.926,29.457,79.8,6,34.8,2159.07,Expand into next operating review
SCN-158,NV,Installer platform,Prepaid lease,Lease,Near prime,National,9.497,No,16036,32428.22,0.037,0.066,0.027,0,"$1935/kW prepaid, 3.7% dealer fee",-494.47,0.051,-148.829,-863.15,7.192,5.909,42.362,6,198.104,2001.31,Raise rate or reduce dealer incentive
SCN-159,NV,New homes,Prepaid lease,Lease,Super prime,Regional,10.484,Yes,18652,39130.19,0.036,0.051,0.007,0,"$2288/kW prepaid, 3.6% dealer fee",1197.01,0.09,387.692,-175.753,17.351,29.862,60.44,1,65.289,2327.84,Raise rate or reduce dealer incentive
SCN-160,NV,Direct homeowner,Prepaid lease,Lease,Near prime,Regional,10.074,No,17766,30448.58,0.028,0.059,0.027,0,"$1883/kW prepaid, 2.8% dealer fee",1674.43,0.137,779.437,8.372,-16.524,5.339,59.595,2,25.965,2217.23,Monitor in weekly pricing digest
